module,method,scale,n,relative_rmse,pearson,prediction_to_true_sum
blocks.0.attn,forward_secant,0.5,32,0.1837281018343326,0.9407506632987688,0.9811822656991519
blocks.0.attn,forward_secant,0.75,32,0.08662559026953656,0.9858211672152083,0.9903335013522834
blocks.0.attn,forward_secant,1.0,32,0.0,1.0,1.0
blocks.0.attn,forward_secant,1.25,32,0.08047548729272463,0.9869687110533532,1.0182124116317004
blocks.0.attn,forward_secant,1.5,32,0.14990067451812458,0.9533487029121409,1.036014900093118
blocks.0.attn,forward_secant,all_non_anchor,128,0.12992118456625654,0.9836178628545492,1.0211695221909542
blocks.0.attn,local_fisher,0.5,32,0.6984087437925425,0.6343554532428617,1.2621699825193309
blocks.0.attn,local_fisher,0.75,32,0.7810331543982081,0.538311585320723,1.2739419186296037
blocks.0.attn,local_fisher,1.0,32,0.8261818148966167,0.49282143144841895,1.2863766770386522
blocks.0.attn,local_fisher,1.25,32,0.8657868284186689,0.46479592103273987,1.3098046985942995
blocks.0.attn,local_fisher,1.5,32,0.8949068694357086,0.44302367035235585,1.3327054045443163
blocks.0.attn,local_fisher,all_non_anchor,128,0.879331951352688,0.6789061414626087,1.3136086566491483
blocks.0.mlp,forward_secant,0.5,32,0.24506836215569014,0.9408627890086654,0.991543309453394
blocks.0.mlp,forward_secant,0.75,32,0.12695947867340582,0.9794314683364173,1.0014279408992544
blocks.0.mlp,forward_secant,1.0,32,0.0,1.0,1.0
blocks.0.mlp,forward_secant,1.25,32,0.16827969324962821,0.9563987967736369,0.942785556565095
blocks.0.mlp,forward_secant,1.5,32,0.270622493380225,0.8830215732542499,0.8901577799229214
blocks.0.mlp,forward_secant,all_non_anchor,128,0.24063826908467495,0.9473953039692974,0.9252230306510658
blocks.0.mlp,local_fisher,0.5,32,0.7914064209891581,0.5220779079868004,1.1700845030777245
blocks.0.mlp,local_fisher,0.75,32,0.9024326748300909,0.4109855669201155,1.1817490001936517
blocks.0.mlp,local_fisher,1.0,32,0.9627722506238118,0.3352822019501523,1.1800639386319438
blocks.0.mlp,local_fisher,1.25,32,0.9539311508379528,0.2626269792276501,1.1125472371655154
blocks.0.mlp,local_fisher,1.5,32,0.9240707226893021,0.23826122336389954,1.05044309577971
blocks.0.mlp,local_fisher,all_non_anchor,128,0.9311287171993871,0.49502991546032865,1.091822333663081
blocks.11.attn,forward_secant,0.5,32,0.09416918245868355,0.9937012033170878,1.0788112834920642
blocks.11.attn,forward_secant,0.75,32,0.04201481649933634,0.9983328981983645,1.0339453854498921
blocks.11.attn,forward_secant,1.0,32,0.0,1.0,1.0
blocks.11.attn,forward_secant,1.25,32,0.03431687239251544,0.9981168540373418,0.975728621252502
blocks.11.attn,forward_secant,1.5,32,0.06366126422333898,0.9919535923826306,0.9597635000472858
blocks.11.attn,forward_secant,all_non_anchor,128,0.05591318767399917,0.9977267768481068,0.9795690326801633
blocks.11.attn,local_fisher,0.5,32,0.11784528803179556,0.9935237680184393,0.8961417226531996
blocks.11.attn,local_fisher,0.75,32,0.16030694612825755,0.9864753361273169,0.8588727361537729
blocks.11.attn,local_fisher,1.0,32,0.1934364892291031,0.9767054891995005,0.8306751480689268
blocks.11.attn,local_fisher,1.25,32,0.21914767435485513,0.9634583504531051,0.8105135169340119
blocks.11.attn,local_fisher,1.5,32,0.23957933487223795,0.9456714294869347,0.7972516875129309
blocks.11.attn,local_fisher,all_non_anchor,128,0.23054646656048977,0.9835441940119701,0.8137036512653303
blocks.11.mlp,forward_secant,0.5,32,0.046525539174307004,0.9978291776281175,0.9578419919034219
blocks.11.mlp,forward_secant,0.75,32,0.024268602590308764,0.9994655212853442,0.9778494116387625
blocks.11.mlp,forward_secant,1.0,32,0.0,1.0,1.0
blocks.11.mlp,forward_secant,1.25,32,0.02628000795814574,0.9994870137131167,1.0242831591658195
blocks.11.mlp,forward_secant,1.5,32,0.05457102372750731,0.9979994361375719,1.0506886901923453
blocks.11.mlp,forward_secant,all_non_anchor,128,0.046197907242656815,0.9994236874168433,1.027057699160438
blocks.11.mlp,local_fisher,0.5,32,0.04170307690538797,0.9977313226013603,1.0362759491514655
blocks.11.mlp,local_fisher,0.75,32,0.06574808876465776,0.9949490124499483,1.057921698713051
blocks.11.mlp,local_fisher,1.0,32,0.09193503149827052,0.9911455470803887,1.0818861126480577
blocks.11.mlp,local_fisher,1.25,32,0.12027140139842976,0.9864031728068574,1.1081577253207806
blocks.11.mlp,local_fisher,1.5,32,0.15076284691962677,0.9808183665454748,1.136725502635476
blocks.11.mlp,local_fisher,all_non_anchor,128,0.13809526017973645,0.9956490521907733,1.1111594616099445
blocks.3.attn,forward_secant,0.5,32,0.1523683483980318,0.9594273155041824,1.0458371447017218
blocks.3.attn,forward_secant,0.75,32,0.08719201500405326,0.9861553670219068,1.0244584636766123
blocks.3.attn,forward_secant,1.0,32,0.0,1.0,1.0
blocks.3.attn,forward_secant,1.25,32,0.08916367316069398,0.9857841054467417,0.9746324106397958
blocks.3.attn,forward_secant,1.5,32,0.16855466816047332,0.95401617642323,0.9415803902268483
blocks.3.attn,forward_secant,all_non_anchor,128,0.1471992970733174,0.9811826524728497,0.967394816353651
blocks.3.attn,local_fisher,0.5,32,0.1354650028874063,0.9656519454999177,1.0043853236824227
blocks.3.attn,local_fisher,0.75,32,0.18329649473186457,0.9352834128847675,0.983853988024583
blocks.3.attn,local_fisher,1.0,32,0.24699293025400276,0.8801171624732641,0.9603649370943683
blocks.3.attn,local_fisher,1.25,32,0.3155535337202724,0.8043994196224314,0.9360027937342198
blocks.3.attn,local_fisher,1.5,32,0.3746950325252256,0.7313788804530899,0.9042607922294978
blocks.3.attn,local_fisher,all_non_anchor,128,0.35208132988628166,0.8747768806970836,0.9290520619528921
blocks.3.mlp,forward_secant,0.5,32,0.09701309090741464,0.9792800082553611,1.017680967789665
blocks.3.mlp,forward_secant,0.75,32,0.059393299285188515,0.9928643702542793,1.0205141373966238
blocks.3.mlp,forward_secant,1.0,32,0.0,1.0,1.0
blocks.3.mlp,forward_secant,1.25,32,0.04588265613145622,0.995340230404642,0.9864496255744863
blocks.3.mlp,forward_secant,1.5,32,0.10275697497162191,0.9761576908895485,1.0130472269988329
blocks.3.mlp,forward_secant,all_non_anchor,128,0.08703130784393179,0.9919614233341528,1.0050339859204216
blocks.3.mlp,local_fisher,0.5,32,0.11738162966778494,0.9678425022530779,1.0210717743379072
blocks.3.mlp,local_fisher,0.75,32,0.14870068737474404,0.9487435552681328,1.0239143837696827
blocks.3.mlp,local_fisher,1.0,32,0.18290440027440616,0.9194837096950741,1.0033318954127703
blocks.3.mlp,local_fisher,1.25,32,0.20810280160467398,0.8934014870861988,0.9897363725568669
blocks.3.mlp,local_fisher,1.5,32,0.22231353938627926,0.8827517630533458,1.0164225944073901
blocks.3.mlp,local_fisher,all_non_anchor,128,0.21477854290701145,0.9500805056020459,1.008382654047788
blocks.5.attn,forward_secant,0.5,32,0.10237267844595097,0.9728874473337324,0.9906377825616371
blocks.5.attn,forward_secant,0.75,32,0.046282860553206046,0.9945307676523636,0.994511461020615
blocks.5.attn,forward_secant,1.0,32,0.0,1.0,1.0
blocks.5.attn,forward_secant,1.25,32,0.04291594599400906,0.9953732007360301,1.004898186512951
blocks.5.attn,forward_secant,1.5,32,0.08216689127360513,0.9837409783703324,1.0141550812796398
blocks.5.attn,forward_secant,all_non_anchor,128,0.07103864492804231,0.9946961689851684,1.0073078269764593
blocks.5.attn,local_fisher,0.5,32,0.10053029870786925,0.9738432617018071,1.0133961638900442
blocks.5.attn,local_fisher,0.75,32,0.15368698269963202,0.9390503260998102,1.0173588341612312
blocks.5.attn,local_fisher,1.0,32,0.19824695811706958,0.8998489775067419,1.0229734638926826
blocks.5.attn,local_fisher,1.25,32,0.23659600199098985,0.85809004620398,1.0279841787166284
blocks.5.attn,local_fisher,1.5,32,0.2667997590668692,0.8202367734648396,1.0374537364209981
blocks.5.attn,local_fisher,all_non_anchor,128,0.2528318381484488,0.9317355280036521,1.0304491769683197
blocks.5.mlp,forward_secant,0.5,32,0.1336586590828943,0.9666185716310802,1.0508676044358793
blocks.5.mlp,forward_secant,0.75,32,0.07733749866422847,0.9897197233717404,1.0323896451329448
blocks.5.mlp,forward_secant,1.0,32,0.0,1.0,1.0
blocks.5.mlp,forward_secant,1.25,32,0.09970259501358474,0.9862445128808882,0.94977070953664
blocks.5.mlp,forward_secant,1.5,32,0.19284394608904729,0.958382850268883,0.8822467273765082
blocks.5.mlp,forward_secant,all_non_anchor,128,0.16903559023547915,0.9830850327788353,0.929052155370931
blocks.5.mlp,local_fisher,0.5,32,0.09695834020954143,0.9740708537264543,0.9852187782518453
blocks.5.mlp,local_fisher,0.75,32,0.14696285242694135,0.9424054586226827,0.9678951568820565
blocks.5.mlp,local_fisher,1.0,32,0.20907123164455763,0.8916398733337019,0.9375289276147444
blocks.5.mlp,local_fisher,1.25,32,0.2853856834052794,0.8197599470030165,0.8904375147917815
blocks.5.mlp,local_fisher,1.5,32,0.35368945440983174,0.7579148763091114,0.8271318282089157
blocks.5.mlp,local_fisher,all_non_anchor,128,0.33053779977019015,0.9029313888972256,0.8710132709230761
blocks.8.attn,forward_secant,0.5,32,0.054003721552129465,0.9930551250298335,0.9892662969624421
blocks.8.attn,forward_secant,0.75,32,0.029576013718693898,0.9978247006876798,0.9965948360768081
blocks.8.attn,forward_secant,1.0,32,0.0,1.0,1.0
blocks.8.attn,forward_secant,1.25,32,0.03484991153745407,0.99664023420983,0.9971738518794392
blocks.8.attn,forward_secant,1.5,32,0.07887098273503006,0.9826906418346423,0.9880248464885337
blocks.8.attn,forward_secant,all_non_anchor,128,0.06669022708813546,0.9950026850528273,0.9922053361134142
blocks.8.attn,local_fisher,0.5,32,0.04786476053168137,0.994068481229609,1.0080489730176547
blocks.8.attn,local_fisher,0.75,32,0.06518408786159295,0.989208903855152,1.0155166552288453
blocks.8.attn,local_fisher,1.0,32,0.0859831541655577,0.9813399092691156,1.0189864711987917
blocks.8.attn,local_fisher,1.25,32,0.1130310045569404,0.966549320103515,1.016106664498336
blocks.8.attn,local_fisher,1.5,32,0.14789615878594106,0.9404324771863191,1.0067839517800792
blocks.8.attn,local_fisher,all_non_anchor,128,0.1349975119134424,0.9800125359035236,1.011043814150818
blocks.8.mlp,forward_secant,0.5,32,0.10568255653828337,0.9581416981397242,0.9610252768446712
blocks.8.mlp,forward_secant,0.75,32,0.055762745590781336,0.9891824044913586,0.9764340540116453
blocks.8.mlp,forward_secant,1.0,32,0.0,1.0,1.0
blocks.8.mlp,forward_secant,1.25,32,0.05658159388779797,0.9903923267628878,1.028741709277939
blocks.8.mlp,forward_secant,1.5,32,0.11614789249371399,0.9616785593132134,1.061954647171544
blocks.8.mlp,forward_secant,all_non_anchor,128,0.0983339284156518,0.992065365270807,1.0337979428257902
blocks.8.mlp,local_fisher,0.5,32,0.08576645460779257,0.9679659681291066,0.997428043707556
blocks.8.mlp,local_fisher,0.75,32,0.12608634800480104,0.9302714944518924,1.0134204913943035
blocks.8.mlp,local_fisher,1.0,32,0.1723077704058334,0.8759770192400134,1.037879094067542
blocks.8.mlp,local_fisher,1.25,32,0.22107489313216347,0.8096221938108988,1.0677095132548813
blocks.8.mlp,local_fisher,1.5,32,0.2709087394067477,0.7362136638610455,1.1021805271472178
blocks.8.mlp,local_fisher,all_non_anchor,128,0.2493326608618262,0.9377768201641816,1.0729572723489198
