module,variant,rank,n,epsilon,complete,reference_seconds,forward_seconds,speedup,reference_incremental_peak_mib,forward_incremental_peak_mib,relative_fisher_error,relative_response_error
blocks.0.attn,single,1,32,0.001,True,0.08708207530435175,0.04511971797910519,1.9300225977626724,87.15283203125,4.4951171875,0.001084726055326052,0.002119044875966196
blocks.0.mlp,single,1,32,0.001,True,0.09085310794762336,0.04634317653835751,1.9604419622039866,84.5478515625,4.4951171875,0.007924599089654056,0.008411925748151862
blocks.11.attn,single,1,32,0.001,True,0.009905728627927601,0.002414425805909559,4.1027264551606,6.64501953125,4.03857421875,4.3072889862526036e-05,0.00012777155225429014
blocks.11.mlp,single,1,32,0.001,True,0.005992758349748328,0.0014984962763264775,3.9991813422716076,3.19091796875,2.16748046875,3.1445972654768076e-05,0.00012618208272426046
blocks.3.attn,single,1,32,0.001,True,0.07403454423183575,0.03952047019265592,1.8733214425569658,65.22509765625,4.4951171875,0.0002639326426540578,0.0011689705637169337
blocks.3.mlp,single,1,32,0.001,True,0.07157142405048944,0.038277437415672466,1.8698070947974421,62.6201171875,4.4951171875,0.0005111480731946377,0.0015366844625568942
blocks.5.attn,single,1,32,0.001,True,0.06030479067703709,0.03308172588003799,1.822903402794529,50.65087890625,4.4951171875,0.0002520596481883462,0.0010555107989032538
blocks.5.mlp,single,1,32,0.001,True,0.05879268326680176,0.031527690414804965,1.8647951211546259,48.0458984375,4.4951171875,0.00033255652396455075,0.0012766819010955079
blocks.8.attn,single,1,32,0.001,True,0.0414373921812512,0.017052024137228727,2.4300570916260473,28.78955078125,4.4951171875,0.0002479114685262376,0.0008521623330748816
blocks.8.mlp,single,1,32,0.001,True,0.03830810359795578,0.01516305998666212,2.526409816465326,26.1845703125,4.4951171875,0.00012128534442860447,0.00042821236240329707
