event,module,rank,method,approximation,n,relative_rmse,mean_true_kl
quantization_error,blocks.0.attn,8,autograd,full,4,0.3376817973294445,0.00013498327030617564
quantization_error,blocks.0.attn,8,autograd,diagonal,4,0.38670324091712116,0.00013498327030617564
quantization_error,blocks.0.attn,8,autograd,low_rank,4,0.5864582002651373,0.00013498327030617564
quantization_error,blocks.0.attn,8,0.0001,full,4,0.33713073352893924,0.00013498327030617564
quantization_error,blocks.0.attn,8,0.0001,diagonal,4,0.3869276920741655,0.00013498327030617564
quantization_error,blocks.0.attn,8,0.0001,low_rank,4,0.5861648358727443,0.00013498327030617564
quantization_error,blocks.0.attn,8,0.001,full,4,0.33690105757166333,0.00013498327030617564
quantization_error,blocks.0.attn,8,0.001,diagonal,4,0.3697763312226448,0.00013498327030617564
quantization_error,blocks.0.attn,8,0.001,low_rank,4,0.5869167502763158,0.00013498327030617564
quantization_error,blocks.0.attn,8,0.01,full,4,0.33290709655188017,0.00013498327030617564
quantization_error,blocks.0.attn,8,0.01,diagonal,4,0.32154108583152125,0.00013498327030617564
quantization_error,blocks.0.attn,8,0.01,low_rank,4,0.5805996975536696,0.00013498327030617564
heldout_direction,blocks.0.attn,4,autograd,full,12,0.06494403188532663,2.5848684113288778e-09
heldout_direction,blocks.0.attn,4,autograd,diagonal,12,0.21930184278945253,2.5848684113288778e-09
heldout_direction,blocks.0.attn,4,autograd,low_rank,12,0.17301501434100475,2.5848684113288778e-09
heldout_direction,blocks.0.attn,4,0.0001,full,12,0.06543087909606321,2.5848684113288778e-09
heldout_direction,blocks.0.attn,4,0.0001,diagonal,12,0.219654463390708,2.5848684113288778e-09
heldout_direction,blocks.0.attn,4,0.0001,low_rank,12,0.17431223944889587,2.5848684113288778e-09
heldout_direction,blocks.0.attn,4,0.001,full,12,0.10531338017568535,2.5848684113288778e-09
heldout_direction,blocks.0.attn,4,0.001,diagonal,12,0.24502972006856172,2.5848684113288778e-09
heldout_direction,blocks.0.attn,4,0.001,low_rank,12,0.21521918468799875,2.5848684113288778e-09
heldout_direction,blocks.0.attn,4,0.01,full,12,0.40483196266135985,2.5848684113288778e-09
heldout_direction,blocks.0.attn,4,0.01,diagonal,12,0.4254344873148879,2.5848684113288778e-09
heldout_direction,blocks.0.attn,4,0.01,low_rank,12,0.4974633904150987,2.5848684113288778e-09
heldout_direction,blocks.0.attn,8,autograd,full,12,0.2419295549572553,5.083644675791393e-09
heldout_direction,blocks.0.attn,8,autograd,diagonal,12,0.5120312124681672,5.083644675791393e-09
heldout_direction,blocks.0.attn,8,autograd,low_rank,12,0.255312371402367,5.083644675791393e-09
heldout_direction,blocks.0.attn,8,0.0001,full,12,0.2402888683724957,5.083644675791393e-09
heldout_direction,blocks.0.attn,8,0.0001,diagonal,12,0.5124353177095837,5.083644675791393e-09
heldout_direction,blocks.0.attn,8,0.0001,low_rank,12,0.2539288325855695,5.083644675791393e-09
heldout_direction,blocks.0.attn,8,0.001,full,12,0.18168981511350699,5.083644675791393e-09
heldout_direction,blocks.0.attn,8,0.001,diagonal,12,0.5237956523652384,5.083644675791393e-09
heldout_direction,blocks.0.attn,8,0.001,low_rank,12,0.20632496142322096,5.083644675791393e-09
heldout_direction,blocks.0.attn,8,0.01,full,12,0.3610877922263319,5.083644675791393e-09
heldout_direction,blocks.0.attn,8,0.01,diagonal,12,0.6289271433119256,5.083644675791393e-09
heldout_direction,blocks.0.attn,8,0.01,low_rank,12,0.3985488031300181,5.083644675791393e-09
quantization_error,blocks.0.mlp,8,autograd,full,4,0.33326793408778593,0.000149479878924447
quantization_error,blocks.0.mlp,8,autograd,diagonal,4,0.5897463597083024,0.000149479878924447
quantization_error,blocks.0.mlp,8,autograd,low_rank,4,0.16044073220917907,0.000149479878924447
quantization_error,blocks.0.mlp,8,0.0001,full,4,0.33110135937238366,0.000149479878924447
quantization_error,blocks.0.mlp,8,0.0001,diagonal,4,0.5870193353351796,0.000149479878924447
quantization_error,blocks.0.mlp,8,0.0001,low_rank,4,0.1587124265072564,0.000149479878924447
quantization_error,blocks.0.mlp,8,0.001,full,4,0.3344774541722307,0.000149479878924447
quantization_error,blocks.0.mlp,8,0.001,diagonal,4,0.5891645050900691,0.000149479878924447
quantization_error,blocks.0.mlp,8,0.001,low_rank,4,0.16553779798114032,0.000149479878924447
quantization_error,blocks.0.mlp,8,0.01,full,4,0.30417957765979453,0.000149479878924447
quantization_error,blocks.0.mlp,8,0.01,diagonal,4,0.5525239831244213,0.000149479878924447
quantization_error,blocks.0.mlp,8,0.01,low_rank,4,0.22269175134113353,0.000149479878924447
heldout_direction,blocks.0.mlp,4,autograd,full,12,0.015192366559344198,6.708588150706324e-09
heldout_direction,blocks.0.mlp,4,autograd,diagonal,12,0.23049456393560128,6.708588150706324e-09
heldout_direction,blocks.0.mlp,4,autograd,low_rank,12,0.3256789290066806,6.708588150706324e-09
heldout_direction,blocks.0.mlp,4,0.0001,full,12,0.01570153300030407,6.708588150706324e-09
heldout_direction,blocks.0.mlp,4,0.0001,diagonal,12,0.23049841763338733,6.708588150706324e-09
heldout_direction,blocks.0.mlp,4,0.0001,low_rank,12,0.325423806567398,6.708588150706324e-09
heldout_direction,blocks.0.mlp,4,0.001,full,12,0.014180198347898888,6.708588150706324e-09
heldout_direction,blocks.0.mlp,4,0.001,diagonal,12,0.230237582606341,6.708588150706324e-09
heldout_direction,blocks.0.mlp,4,0.001,low_rank,12,0.33274074169728685,6.708588150706324e-09
heldout_direction,blocks.0.mlp,4,0.01,full,12,0.06937195691377918,6.708588150706324e-09
heldout_direction,blocks.0.mlp,4,0.01,diagonal,12,0.24634973830948956,6.708588150706324e-09
heldout_direction,blocks.0.mlp,4,0.01,low_rank,12,0.34078113472754273,6.708588150706324e-09
heldout_direction,blocks.0.mlp,8,autograd,full,12,0.006014578887003497,7.298550661046764e-09
heldout_direction,blocks.0.mlp,8,autograd,diagonal,12,0.41453412243673127,7.298550661046764e-09
heldout_direction,blocks.0.mlp,8,autograd,low_rank,12,0.2153067200719573,7.298550661046764e-09
heldout_direction,blocks.0.mlp,8,0.0001,full,12,0.007296163976339795,7.298550661046764e-09
heldout_direction,blocks.0.mlp,8,0.0001,diagonal,12,0.4139886597327272,7.298550661046764e-09
heldout_direction,blocks.0.mlp,8,0.0001,low_rank,12,0.21665443854008254,7.298550661046764e-09
heldout_direction,blocks.0.mlp,8,0.001,full,12,0.011589074780169718,7.298550661046764e-09
heldout_direction,blocks.0.mlp,8,0.001,diagonal,12,0.41345340918708495,7.298550661046764e-09
heldout_direction,blocks.0.mlp,8,0.001,low_rank,12,0.22004659828061182,7.298550661046764e-09
heldout_direction,blocks.0.mlp,8,0.01,full,12,0.08666384136210706,7.298550661046764e-09
heldout_direction,blocks.0.mlp,8,0.01,diagonal,12,0.4372376895136638,7.298550661046764e-09
heldout_direction,blocks.0.mlp,8,0.01,low_rank,12,0.26256740896855524,7.298550661046764e-09
quantization_error,blocks.5.attn,8,autograd,full,4,0.026444221375401537,3.0952742940599555e-06
quantization_error,blocks.5.attn,8,autograd,diagonal,4,0.10282354299839003,3.0952742940599555e-06
quantization_error,blocks.5.attn,8,autograd,low_rank,4,0.14097341431231808,3.0952742940599555e-06
quantization_error,blocks.5.attn,8,0.0001,full,4,0.025894649593239123,3.0952742940599555e-06
quantization_error,blocks.5.attn,8,0.0001,diagonal,4,0.10161808484531874,3.0952742940599555e-06
quantization_error,blocks.5.attn,8,0.0001,low_rank,4,0.14185916344022606,3.0952742940599555e-06
quantization_error,blocks.5.attn,8,0.001,full,4,0.02642657640363624,3.0952742940599555e-06
quantization_error,blocks.5.attn,8,0.001,diagonal,4,0.10283279390516847,3.0952742940599555e-06
quantization_error,blocks.5.attn,8,0.001,low_rank,4,0.14084774169060496,3.0952742940599555e-06
quantization_error,blocks.5.attn,8,0.01,full,4,0.02645343150774284,3.0952742940599555e-06
quantization_error,blocks.5.attn,8,0.01,diagonal,4,0.10272813143367182,3.0952742940599555e-06
quantization_error,blocks.5.attn,8,0.01,low_rank,4,0.14113831849370342,3.0952742940599555e-06
heldout_direction,blocks.5.attn,4,autograd,full,12,0.0008770095483159932,4.419360288600756e-10
heldout_direction,blocks.5.attn,4,autograd,diagonal,12,0.1811263708270393,4.419360288600756e-10
heldout_direction,blocks.5.attn,4,autograd,low_rank,12,0.40689504347794186,4.419360288600756e-10
heldout_direction,blocks.5.attn,4,0.0001,full,12,0.002373632082358342,4.419360288600756e-10
heldout_direction,blocks.5.attn,4,0.0001,diagonal,12,0.18189112755627315,4.419360288600756e-10
heldout_direction,blocks.5.attn,4,0.0001,low_rank,12,0.40846142196061397,4.419360288600756e-10
heldout_direction,blocks.5.attn,4,0.001,full,12,0.0010553558801549123,4.419360288600756e-10
heldout_direction,blocks.5.attn,4,0.001,diagonal,12,0.18103000846702733,4.419360288600756e-10
heldout_direction,blocks.5.attn,4,0.001,low_rank,12,0.4069731697522338,4.419360288600756e-10
heldout_direction,blocks.5.attn,4,0.01,full,12,0.0009803856534625053,4.419360288600756e-10
heldout_direction,blocks.5.attn,4,0.01,diagonal,12,0.18103201781455885,4.419360288600756e-10
heldout_direction,blocks.5.attn,4,0.01,low_rank,12,0.4070212628015498,4.419360288600756e-10
heldout_direction,blocks.5.attn,8,autograd,full,12,0.0008297524750797795,4.664557835040023e-10
heldout_direction,blocks.5.attn,8,autograd,diagonal,12,0.27364156895765623,4.664557835040023e-10
heldout_direction,blocks.5.attn,8,autograd,low_rank,12,0.41674250892358355,4.664557835040023e-10
heldout_direction,blocks.5.attn,8,0.0001,full,12,0.0031793859306269065,4.664557835040023e-10
heldout_direction,blocks.5.attn,8,0.0001,diagonal,12,0.2739070662746366,4.664557835040023e-10
heldout_direction,blocks.5.attn,8,0.0001,low_rank,12,0.41628219498686225,4.664557835040023e-10
heldout_direction,blocks.5.attn,8,0.001,full,12,0.001057587559536565,4.664557835040023e-10
heldout_direction,blocks.5.attn,8,0.001,diagonal,12,0.273598158893141,4.664557835040023e-10
heldout_direction,blocks.5.attn,8,0.001,low_rank,12,0.4168545172977497,4.664557835040023e-10
heldout_direction,blocks.5.attn,8,0.01,full,12,0.0008844904164079907,4.664557835040023e-10
heldout_direction,blocks.5.attn,8,0.01,diagonal,12,0.2735932969638104,4.664557835040023e-10
heldout_direction,blocks.5.attn,8,0.01,low_rank,12,0.41677481584316795,4.664557835040023e-10
quantization_error,blocks.5.mlp,8,autograd,full,4,0.10563961090923846,1.3569683699585396e-05
quantization_error,blocks.5.mlp,8,autograd,diagonal,4,0.22504227071829452,1.3569683699585396e-05
quantization_error,blocks.5.mlp,8,autograd,low_rank,4,0.25972329345966494,1.3569683699585396e-05
quantization_error,blocks.5.mlp,8,0.0001,full,4,0.10663925749579403,1.3569683699585396e-05
quantization_error,blocks.5.mlp,8,0.0001,diagonal,4,0.22529222983935604,1.3569683699585396e-05
quantization_error,blocks.5.mlp,8,0.0001,low_rank,4,0.25970037218063524,1.3569683699585396e-05
quantization_error,blocks.5.mlp,8,0.001,full,4,0.10568343597502325,1.3569683699585396e-05
quantization_error,blocks.5.mlp,8,0.001,diagonal,4,0.2249863412019556,1.3569683699585396e-05
quantization_error,blocks.5.mlp,8,0.001,low_rank,4,0.25979019928563946,1.3569683699585396e-05
quantization_error,blocks.5.mlp,8,0.01,full,4,0.10869812758876093,1.3569683699585396e-05
quantization_error,blocks.5.mlp,8,0.01,diagonal,4,0.22699819470779906,1.3569683699585396e-05
quantization_error,blocks.5.mlp,8,0.01,low_rank,4,0.26258625113586787,1.3569683699585396e-05
heldout_direction,blocks.5.mlp,4,autograd,full,12,0.0015127978273271104,4.593190133794778e-10
heldout_direction,blocks.5.mlp,4,autograd,diagonal,12,0.33343644412528317,4.593190133794778e-10
heldout_direction,blocks.5.mlp,4,autograd,low_rank,12,0.3354112042303937,4.593190133794778e-10
heldout_direction,blocks.5.mlp,4,0.0001,full,12,0.0038073844401346588,4.593190133794778e-10
heldout_direction,blocks.5.mlp,4,0.0001,diagonal,12,0.3329120903892403,4.593190133794778e-10
heldout_direction,blocks.5.mlp,4,0.0001,low_rank,12,0.3352868669655526,4.593190133794778e-10
heldout_direction,blocks.5.mlp,4,0.001,full,12,0.0014761459585029496,4.593190133794778e-10
heldout_direction,blocks.5.mlp,4,0.001,diagonal,12,0.33347034989288415,4.593190133794778e-10
heldout_direction,blocks.5.mlp,4,0.001,low_rank,12,0.3353835062676412,4.593190133794778e-10
heldout_direction,blocks.5.mlp,4,0.01,full,12,0.004374230681916664,4.593190133794778e-10
heldout_direction,blocks.5.mlp,4,0.01,diagonal,12,0.3333416425811062,4.593190133794778e-10
heldout_direction,blocks.5.mlp,4,0.01,low_rank,12,0.3335656713329223,4.593190133794778e-10
heldout_direction,blocks.5.mlp,8,autograd,full,12,0.0027086000770376595,4.450020076098941e-10
heldout_direction,blocks.5.mlp,8,autograd,diagonal,12,0.3754849454552258,4.450020076098941e-10
heldout_direction,blocks.5.mlp,8,autograd,low_rank,12,0.21748192877163103,4.450020076098941e-10
heldout_direction,blocks.5.mlp,8,0.0001,full,12,0.004299301132697259,4.450020076098941e-10
heldout_direction,blocks.5.mlp,8,0.0001,diagonal,12,0.37546751640193193,4.450020076098941e-10
heldout_direction,blocks.5.mlp,8,0.0001,low_rank,12,0.21607519892959468,4.450020076098941e-10
heldout_direction,blocks.5.mlp,8,0.001,full,12,0.002776094109655716,4.450020076098941e-10
heldout_direction,blocks.5.mlp,8,0.001,diagonal,12,0.3755355671630002,4.450020076098941e-10
heldout_direction,blocks.5.mlp,8,0.001,low_rank,12,0.21746860996159334,4.450020076098941e-10
heldout_direction,blocks.5.mlp,8,0.01,full,12,0.0071838193742180595,4.450020076098941e-10
heldout_direction,blocks.5.mlp,8,0.01,diagonal,12,0.37529250839902717,4.450020076098941e-10
heldout_direction,blocks.5.mlp,8,0.01,low_rank,12,0.21719163961248547,4.450020076098941e-10
quantization_error,blocks.11.attn,8,autograd,full,4,0.048638873055338205,5.126240549559744e-05
quantization_error,blocks.11.attn,8,autograd,diagonal,4,0.15292199745301863,5.126240549559744e-05
quantization_error,blocks.11.attn,8,autograd,low_rank,4,0.451788403504091,5.126240549559744e-05
quantization_error,blocks.11.attn,8,0.0001,full,4,0.04823967178911459,5.126240549559744e-05
quantization_error,blocks.11.attn,8,0.0001,diagonal,4,0.15288409352543336,5.126240549559744e-05
quantization_error,blocks.11.attn,8,0.0001,low_rank,4,0.4513871841962151,5.126240549559744e-05
quantization_error,blocks.11.attn,8,0.001,full,4,0.04858279261755804,5.126240549559744e-05
quantization_error,blocks.11.attn,8,0.001,diagonal,4,0.152916015892749,5.126240549559744e-05
quantization_error,blocks.11.attn,8,0.001,low_rank,4,0.4517152831640567,5.126240549559744e-05
quantization_error,blocks.11.attn,8,0.01,full,4,0.04887674613721988,5.126240549559744e-05
quantization_error,blocks.11.attn,8,0.01,diagonal,4,0.15300011877135952,5.126240549559744e-05
quantization_error,blocks.11.attn,8,0.01,low_rank,4,0.4519318465501532,5.126240549559744e-05
heldout_direction,blocks.11.attn,4,autograd,full,12,0.000720812722064183,7.611852534929764e-09
heldout_direction,blocks.11.attn,4,autograd,diagonal,12,0.37010580786499553,7.611852534929764e-09
heldout_direction,blocks.11.attn,4,autograd,low_rank,12,0.2072715404775158,7.611852534929764e-09
heldout_direction,blocks.11.attn,4,0.0001,full,12,0.0007935721451410764,7.611852534929764e-09
heldout_direction,blocks.11.attn,4,0.0001,diagonal,12,0.37007607790398,7.611852534929764e-09
heldout_direction,blocks.11.attn,4,0.0001,low_rank,12,0.2072075196657164,7.611852534929764e-09
heldout_direction,blocks.11.attn,4,0.001,full,12,0.0007405239786457442,7.611852534929764e-09
heldout_direction,blocks.11.attn,4,0.001,diagonal,12,0.37010017614620133,7.611852534929764e-09
heldout_direction,blocks.11.attn,4,0.001,low_rank,12,0.20726833338767492,7.611852534929764e-09
heldout_direction,blocks.11.attn,4,0.01,full,12,0.0004912485823882859,7.611852534929764e-09
heldout_direction,blocks.11.attn,4,0.01,diagonal,12,0.3701772542321806,7.611852534929764e-09
heldout_direction,blocks.11.attn,4,0.01,low_rank,12,0.20740168728727207,7.611852534929764e-09
heldout_direction,blocks.11.attn,8,autograd,full,12,0.000443890566429454,8.610313970205489e-09
heldout_direction,blocks.11.attn,8,autograd,diagonal,12,0.2984144993350115,8.610313970205489e-09
heldout_direction,blocks.11.attn,8,autograd,low_rank,12,0.19665934759600262,8.610313970205489e-09
heldout_direction,blocks.11.attn,8,0.0001,full,12,0.00041934996448413434,8.610313970205489e-09
heldout_direction,blocks.11.attn,8,0.0001,diagonal,12,0.29845642881860834,8.610313970205489e-09
heldout_direction,blocks.11.attn,8,0.0001,low_rank,12,0.19681616190158127,8.610313970205489e-09
heldout_direction,blocks.11.attn,8,0.001,full,12,0.00044775873167743265,8.610313970205489e-09
heldout_direction,blocks.11.attn,8,0.001,diagonal,12,0.2984188139978305,8.610313970205489e-09
heldout_direction,blocks.11.attn,8,0.001,low_rank,12,0.19665162068085307,8.610313970205489e-09
heldout_direction,blocks.11.attn,8,0.01,full,12,0.00037369146781329873,8.610313970205489e-09
heldout_direction,blocks.11.attn,8,0.01,diagonal,12,0.29840865093130436,8.610313970205489e-09
heldout_direction,blocks.11.attn,8,0.01,low_rank,12,0.1968418615618621,8.610313970205489e-09
quantization_error,blocks.11.mlp,8,autograd,full,4,0.005845988298932855,3.8027091685151598e-06
quantization_error,blocks.11.mlp,8,autograd,diagonal,4,0.6117889839913812,3.8027091685151598e-06
quantization_error,blocks.11.mlp,8,autograd,low_rank,4,0.1265400722233658,3.8027091685151598e-06
quantization_error,blocks.11.mlp,8,0.0001,full,4,0.005770576550850075,3.8027091685151598e-06
quantization_error,blocks.11.mlp,8,0.0001,diagonal,4,0.6115018405729002,3.8027091685151598e-06
quantization_error,blocks.11.mlp,8,0.0001,low_rank,4,0.12690577399091288,3.8027091685151598e-06
quantization_error,blocks.11.mlp,8,0.001,full,4,0.005845307405857113,3.8027091685151598e-06
quantization_error,blocks.11.mlp,8,0.001,diagonal,4,0.6118002709609095,3.8027091685151598e-06
quantization_error,blocks.11.mlp,8,0.001,low_rank,4,0.12653548903837475,3.8027091685151598e-06
quantization_error,blocks.11.mlp,8,0.01,full,4,0.005868004799566362,3.8027091685151598e-06
quantization_error,blocks.11.mlp,8,0.01,diagonal,4,0.6116865195484186,3.8027091685151598e-06
quantization_error,blocks.11.mlp,8,0.01,low_rank,4,0.12659241758392495,3.8027091685151598e-06
heldout_direction,blocks.11.mlp,4,autograd,full,12,0.0002759817383638597,2.7386203676633045e-09
heldout_direction,blocks.11.mlp,4,autograd,diagonal,12,0.46825090547304943,2.7386203676633045e-09
heldout_direction,blocks.11.mlp,4,autograd,low_rank,12,0.1549767323561257,2.7386203676633045e-09
heldout_direction,blocks.11.mlp,4,0.0001,full,12,0.000375326969958886,2.7386203676633045e-09
heldout_direction,blocks.11.mlp,4,0.0001,diagonal,12,0.4682218637193396,2.7386203676633045e-09
heldout_direction,blocks.11.mlp,4,0.0001,low_rank,12,0.15498912865941866,2.7386203676633045e-09
heldout_direction,blocks.11.mlp,4,0.001,full,12,0.00026454884543229126,2.7386203676633045e-09
heldout_direction,blocks.11.mlp,4,0.001,diagonal,12,0.4682435213760257,2.7386203676633045e-09
heldout_direction,blocks.11.mlp,4,0.001,low_rank,12,0.1549799756613506,2.7386203676633045e-09
heldout_direction,blocks.11.mlp,4,0.01,full,12,0.00022432376904315206,2.7386203676633045e-09
heldout_direction,blocks.11.mlp,4,0.01,diagonal,12,0.46822502500230906,2.7386203676633045e-09
heldout_direction,blocks.11.mlp,4,0.01,low_rank,12,0.15501651323807317,2.7386203676633045e-09
heldout_direction,blocks.11.mlp,8,autograd,full,12,0.0002014090672287646,1.8388674899912545e-09
heldout_direction,blocks.11.mlp,8,autograd,diagonal,12,0.31190071695442795,1.8388674899912545e-09
heldout_direction,blocks.11.mlp,8,autograd,low_rank,12,0.24227784645370828,1.8388674899912545e-09
heldout_direction,blocks.11.mlp,8,0.0001,full,12,0.0003887809557881393,1.8388674899912545e-09
heldout_direction,blocks.11.mlp,8,0.0001,diagonal,12,0.3118320073814613,1.8388674899912545e-09
heldout_direction,blocks.11.mlp,8,0.0001,low_rank,12,0.24227165312116458,1.8388674899912545e-09
heldout_direction,blocks.11.mlp,8,0.001,full,12,0.0001975830086256357,1.8388674899912545e-09
heldout_direction,blocks.11.mlp,8,0.001,diagonal,12,0.31189741076291716,1.8388674899912545e-09
heldout_direction,blocks.11.mlp,8,0.001,low_rank,12,0.24228404313779187,1.8388674899912545e-09
heldout_direction,blocks.11.mlp,8,0.01,full,12,0.0002091653721183879,1.8388674899912545e-09
heldout_direction,blocks.11.mlp,8,0.01,diagonal,12,0.31185990153143844,1.8388674899912545e-09
heldout_direction,blocks.11.mlp,8,0.01,low_rank,12,0.24233495738225141,1.8388674899912545e-09
