event,module,rank,epsilon,n,complete,rank95,trace,projected_offdiag_ratio,relative_fisher_error,relative_response_error,seconds,peak_allocated_bytes,error_projection_energy
forward_comparison,blocks.0.attn,8,0.0001,4,True,,,,0.0033861081471640753,0.005279811861646263,0.20190810086205602,164512128,
forward_comparison,blocks.0.attn,8,0.001,4,True,,,,0.027193850606441416,0.02046176100743336,0.18033522204495966,164528256,
forward_comparison,blocks.0.attn,8,0.01,4,True,,,,0.28935611477139844,0.2789783889345613,0.1809885713737458,164528768,
reference,blocks.0.attn,8,,4,True,,,,,,0.7857611430808902,251177472,0.3689375929534435
spectrum,blocks.0.attn,4,,4,True,3.75,2.8149540785174772e-06,0.3228036312280484,,,,,
spectrum,blocks.0.attn,8,,4,True,6.5,7.391609223524507e-06,0.5666998192487036,,,,,
forward_comparison,blocks.0.mlp,8,0.0001,4,True,,,,0.0029938122612650133,0.00380650052676406,0.2450320974458009,164831744,
forward_comparison,blocks.0.mlp,8,0.001,4,True,,,,0.006811810891561735,0.010213383894033397,0.22855109488591552,164831744,
forward_comparison,blocks.0.mlp,8,0.01,4,True,,,,0.11720538482221433,0.15830319596605996,0.2306330695282668,164832256,
reference,blocks.0.mlp,8,,4,True,,,,,,0.7695917955134064,248781824,0.17865066416561604
spectrum,blocks.0.mlp,4,,4,True,4,1.1415528936516198e-06,0.4281927501035656,,,,,
spectrum,blocks.0.mlp,8,,4,True,7,1.95965175344384e-06,0.5796335816039189,,,,,
forward_comparison,blocks.5.attn,8,0.0001,4,True,,,,0.006358822929288225,0.010624021120140489,0.1650636091362685,164529152,
forward_comparison,blocks.5.attn,8,0.001,4,True,,,,0.0006605996349860128,0.001111890156471408,0.1488196956925094,164529152,
forward_comparison,blocks.5.attn,8,0.01,4,True,,,,0.00036559425139226617,0.0005803741617600896,0.1520771188661456,164529664,
reference,blocks.5.attn,8,,4,True,,,,,,0.5040120016783476,212935680,0.04497705493122339
spectrum,blocks.5.attn,4,,4,True,4,3.688644829354154e-07,0.28631685313126726,,,,,
spectrum,blocks.5.attn,8,,4,True,7.5,7.409198003686809e-07,0.5139394826621474,,,,,
forward_comparison,blocks.5.mlp,8,0.0001,4,True,,,,0.006323690391542105,0.01111714300741533,0.15732150035910308,164831744,
forward_comparison,blocks.5.mlp,8,0.001,4,True,,,,0.0006569675107998455,0.0011740409818801738,0.1438562807161361,164831744,
forward_comparison,blocks.5.mlp,8,0.01,4,True,,,,0.01011391989475175,0.018151691082069973,0.14104527095332742,164832256,
reference,blocks.5.mlp,8,,4,True,,,,,,0.4819082992617041,210506752,0.12500730250030756
spectrum,blocks.5.mlp,4,,4,True,4,1.7943479026481513e-07,0.46481168208444645,,,,,
spectrum,blocks.5.mlp,8,,4,True,7,3.276450940351526e-07,0.5383868739194744,,,,,
forward_comparison,blocks.11.attn,8,0.0001,4,True,,,,0.0006089139535723598,0.0009894680400815148,0.030664040241390467,164050432,
forward_comparison,blocks.11.attn,8,0.001,4,True,,,,6.522697326547268e-05,0.000101690483945542,0.017405035672709346,164050432,
forward_comparison,blocks.11.attn,8,0.01,4,True,,,,0.0002553998775908242,0.0001397301419102401,0.017804638715460896,164050944,
reference,blocks.11.attn,8,,4,True,,,,,,0.06354812160134315,166792192,0.11605223920196295
spectrum,blocks.11.attn,4,,4,True,4,1.5734246602730917e-07,0.4441074271316684,,,,,
spectrum,blocks.11.attn,8,,4,True,7,3.8996245250628666e-07,0.49881950626287236,,,,,
forward_comparison,blocks.11.mlp,8,0.0001,4,True,,,,0.00047128625712046794,0.0011717522311844243,0.014892595587298274,162391040,
forward_comparison,blocks.11.mlp,8,0.001,4,True,,,,4.0367031923699905e-05,0.00011296522169735108,0.010950378375127912,162391040,
forward_comparison,blocks.11.mlp,8,0.01,4,True,,,,8.277238697590855e-05,4.3012319074402697e-05,0.009948046645149589,162391552,
reference,blocks.11.mlp,8,,4,True,,,,,,0.037276102462783456,163472896,0.02062133909203112
spectrum,blocks.11.mlp,4,,4,True,4,1.358769912345273e-07,0.5429246447193099,,,,,
spectrum,blocks.11.mlp,8,,4,True,7,2.0778278338796267e-07,0.5691275223360254,,,,,
